ticker,logoid,svg_file
NVDA,nvidia,nvidia.svg
AAPL,apple,apple.svg
GOOGL,alphabet,alphabet.svg
GOOG,alphabet,alphabet.svg
MSFT,microsoft,microsoft.svg
AMZN,amazon,amazon.svg
AVGO,broadcom,broadcom.svg
META,meta-platforms,meta-platforms.svg
TSLA,tesla,tesla.svg
MU,micron-technology,micron-technology.svg
LLY,eli-lilly,eli-lilly.svg
BRK.B,berkshire-hathaway,berkshire-hathaway.svg
JPM,jpmorgan-chase,jpmorgan-chase.svg
AMD,advanced-micro-devices,advanced-micro-devices.svg
WMT,walmart,walmart.svg
V,visa,visa.svg
XOM,,
JNJ,johnson-and-johnson,johnson-and-johnson.svg
INTC,intel,intel.svg
MA,mastercard,mastercard.svg
ABBV,abbvie,abbvie.svg
AMAT,applied-materials,applied-materials.svg
CSCO,cisco,cisco.svg
BAC,bank-of-america,bank-of-america.svg
CAT,caterpillar,caterpillar.svg
COST,costco-wholesale,costco-wholesale.svg
LRCX,lam-research,lam-research.svg
CVX,chevron,chevron.svg
UNH,unitedhealth,unitedhealth.svg
GE,ge-aerospace,ge-aerospace.svg
KO,coca-cola,coca-cola.svg
ORCL,oracle,oracle.svg
PG,procter-and-gamble,procter-and-gamble.svg
MS,morgan-stanley,morgan-stanley.svg
HD,home-depot,home-depot.svg
MRK,merck-and-co,merck-and-co.svg
GS,golden-sachs-etf-trust-goldman,golden-sachs-etf-trust-goldman.svg
PM,philip-morris,philip-morris.svg
PLTR,palantir,palantir.svg
DELL,dell,dell.svg
NFLX,netflix,netflix.svg
RTX,raytheon,raytheon.svg
KLAC,kla-tencor,kla-tencor.svg
GEV,ge-verona,ge-verona.svg
PANW,palo-alto-networks,palo-alto-networks.svg
WFC,wells-fargo,wells-fargo.svg
TXN,texas-instruments,texas-instruments.svg
SNDK,sandisk,sandisk.svg
LIN,linde,linde.svg
AXP,american-express,american-express.svg
C,citigroup,citigroup.svg
ANET,arista-networks,arista-networks.svg
TMO,thermo-fisher-scientific,thermo-fisher-scientific.svg
STX,seagate,seagate.svg
AMGN,amgen,amgen.svg
TMUS,t-mobile,t-mobile.svg
APH,amphenol,amphenol.svg
IBM,international-bus-mach,international-bus-mach.svg
WDC,webster-financial,webster-financial.svg
NEE,nextera-energy,nextera-energy.svg
MCD,mcdonalds,mcdonalds.svg
CRWD,crowdstrike,crowdstrike.svg
VZ,verizon,verizon.svg
PEP,pepsico,pepsico.svg
ADI,analog-devices,analog-devices.svg
UNP,union-pacific,union-pacific.svg
MRVL,marvell-tech,marvell-tech.svg
QCOM,qualcomm,qualcomm.svg
SCHW,schwab,schwab.svg
ABT,abbott,abbott.svg
WELL,welltower-indrn,welltower-indrn.svg
BLK,blackrock,blackrock.svg
TJX,tjx-cos,tjx-cos.svg
BA,boeing,boeing.svg
DE,deere,deere.svg
GILD,gilead,gilead.svg
DIS,walt-disney,walt-disney.svg
ETN,eaton,eaton.svg
T,at-and-t,at-and-t.svg
IBKR,interactive-brokers-group,interactive-brokers-group.svg
BX,blackstone,blackstone.svg
COP,conocophillips,conocophillips.svg
PFE,pfizer,pfizer.svg
UBER,uber,uber.svg
CVS,cvs-health,cvs-health.svg
PLD,prologis,prologis.svg
CB,chubb,chubb.svg
GLW,corning,corning.svg
APP,applovin-cdr-cad-hedged,applovin-cdr-cad-hedged.svg
BKNG,booking,booking.svg
DHR,danaher,danaher.svg
LMT,lockheed-martin,lockheed-martin.svg
CRM,salesforce,salesforce.svg
BMY,bristol-myers-squibb,bristol-myers-squibb.svg
SPGI,s-and-p-global,s-and-p-global.svg
PH,parker-hannifin,parker-hannifin.svg
COF,capital-one,capital-one.svg
SYK,stryker,stryker.svg
VRTX,vertex-pharmaceutical,vertex-pharmaceutical.svg
MO,altria,altria.svg
PGR,progressive-ohio,progressive-ohio.svg
SBUX,starbucks,starbucks.svg
VRT,vertiv-holdings,vertiv-holdings.svg
ISRG,intuitive-surgical,intuitive-surgical.svg
HWM,howmet-aerospace,howmet-aerospace.svg
LOW,lowe-s,lowe-s.svg
FTNT,fortinet,fortinet.svg
BNY,bank-of-new-york-mellon,bank-of-new-york-mellon.svg
SO,southern,southern.svg
MDT,medtronic,medtronic.svg
TT,trane-technologies,trane-technologies.svg
GD,general-dynamics,general-dynamics.svg
EQIX,equinix,equinix.svg
DUK,duke-energy,duke-energy.svg
NEM,newmont,newmont.svg
PNC,pnc-financial,pnc-financial.svg
USB,us-bancorp,us-bancorp.svg
PWR,quanta-services,quanta-services.svg
UPS,united-parcel,united-parcel.svg
CSX,csx,csx.svg
CEG,constellation-energy-cad-hedged-cibc-cdr,constellation-energy-cad-hedged-cibc-cdr.svg
NOW,servicenow,servicenow.svg
ADP,automatic-data-processing,automatic-data-processing.svg
MAR,marriott,marriott.svg
MCK,mckesson,mckesson.svg
WM,waste-management,waste-management.svg
CME,cme,cme.svg
VLO,valero-energy,valero-energy.svg
MPC,marathon-petroleum,marathon-petroleum.svg
WMB,williams,williams.svg
CDNS,cadence-design-systems,cadence-design-systems.svg
CMI,cummins,cummins.svg
MNST,monster-beverage,monster-beverage.svg
HOOD,robinhood,robinhood.svg
FCX,freeport-mcmoran,freeport-mcmoran.svg
JCI,johnson-controls,johnson-controls.svg
MMM,3m,3m.svg
DDOG,datadog,datadog.svg
KKR,kkr,kkr.svg
PSX,phillips-66,phillips-66.svg
ADBE,adobe,adobe.svg
MRSH,marsh-and-mclennan,marsh-and-mclennan.svg
ACN,accenture,accenture.svg
HCA,hca-healthcare,hca-healthcare.svg
MCO,moodys,moodys.svg
ELV,anthem,anthem.svg
CMCSA,comcast,comcast.svg
ABNB,airbnb,airbnb.svg
CTAS,cintas,cintas.svg
ICE,intercontinental-exchange,intercontinental-exchange.svg
EMR,emerson,emerson.svg
ITW,illinois-tool-works,illinois-tool-works.svg
NSC,norfolk-southern,norfolk-southern.svg
HON,,
TRV,travelers,travelers.svg
AMT,american-tower,american-tower.svg
EOG,eog,eog.svg
MDLZ,mondelez,mondelez.svg
NOC,northrop-grumman,northrop-grumman.svg
SHW,sherwin-williams,sherwin-williams.svg
INTU,intuit,intuit.svg
CI,cigna,cigna.svg
RCL,royal-caribbean-cruises,royal-caribbean-cruises.svg
ROST,ross-stores,ross-stores.svg
AON,aon,aon.svg
FDX,fedex,fedex.svg
ECL,ecolab,ecolab.svg
SPG,simon-property,simon-property.svg
DASH,doordash,doordash.svg
AEP,american-electric-power,american-electric-power.svg
KMI,kinder-morgan,kinder-morgan.svg
HLT,hilton-worldwide,hilton-worldwide.svg
URI,united-rentals,united-rentals.svg
SLB,schlumberger,schlumberger.svg
CL,colgate-palmolive,colgate-palmolive.svg
SNPS,synopsys,synopsys.svg
ORLY,o-reilly-auto,o-reilly-auto.svg
PCAR,paccar,paccar.svg
GM,general-motors,general-motors.svg
APO,apollo,apollo.svg
NXPI,nxp-semiconductors,nxp-semiconductors.svg
REGN,regeneron-pharmaceuticals,regeneron-pharmaceuticals.svg
TDG,transdigm-group,transdigm-group.svg
MPWR,monolithic-power-system,monolithic-power-system.svg
MSI,motorola-solutions,motorola-solutions.svg
RSG,republic-services,republic-services.svg
CVNA,carvana,carvana.svg
APD,air-products-and-chemicals,air-products-and-chemicals.svg
CRH,crh,crh.svg
LITE,lumentum-hldgs,lumentum-hldgs.svg
WBD,warner-bros-discovery,warner-bros-discovery.svg
ALL,allstate,allstate.svg
FIX,comfort-systems-usa,comfort-systems-usa.svg
DLR,digital-realty-trust-5850-series-k-cumulative-redeemable-preferred-stock-par-value-001-per-share,digital-realty-trust-5850-series-k-cumulative-redeemable-preferred-stock-par-value-001-per-share.svg
GWW,grainger,grainger.svg
HPE,hewlett-packard-enterprise,hewlett-packard-enterprise.svg
BSX,boston-scientific,boston-scientific.svg
TFC,truist-financial,truist-financial.svg
HONA,,
D,dominion-energy,dominion-energy.svg
AFL,aflac,aflac.svg
AJG,gallagher,gallagher.svg
TRGP,targa-resources,targa-resources.svg
COHR,coherent,coherent.svg
SRE,sempra-energy,sempra-energy.svg
TGT,target,target.svg
NKE,nike,nike.svg
O,realty-income,realty-income.svg
COR,amerisourcebergen,amerisourcebergen.svg
MET,metlife,metlife.svg
CTVA,corteva,corteva.svg
OKE,oneok,oneok.svg
FANG,diamondback,diamondback.svg
PSA,public-storage,public-storage.svg
TER,teradyne,teradyne.svg
OXY,occidental-petroleum,occidental-petroleum.svg
CIEN,ciena,ciena.svg
TEL,te-connectivity,te-connectivity.svg
CARR,carrier-global-corporation,carrier-global-corporation.svg
BKR,baker-hughes,baker-hughes.svg
KEYS,keysight-technologies,keysight-technologies.svg
LHX,l3-harris,l3-harris.svg
F,ford,ford.svg
VST,vistra-energy,vistra-energy.svg
NUE,nucor,nucor.svg
AME,ametek,ametek.svg
DAL,delta-air-lines,delta-air-lines.svg
ETR,entergy,entergy.svg
DVN,devon-energy,devon-energy.svg
CAH,cardinal-health,cardinal-health.svg
FAST,fastenal,fastenal.svg
EA,electronic-arts,electronic-arts.svg
NDAQ,nasdaq,nasdaq.svg
STT,state-street,state-street.svg
FITB,fifth-third-bancorp,fifth-third-bancorp.svg
ROK,rockwell-automation,rockwell-automation.svg
XEL,xcel-energy,xcel-energy.svg
WAB,wabtec,wabtec.svg
PYPL,paypal,paypal.svg
VTR,ventas,ventas.svg
EW,edwards,edwards.svg
EXC,exelon,exelon.svg
AZO,autozone,autozone.svg
ODFL,old-dominion,old-dominion.svg
EBAY,ebay,ebay.svg
FLEX,flex,flex.svg
HUM,humana,humana.svg
AMP,ameriprise-financial,ameriprise-financial.svg
GRMN,garmin-ltd,garmin-ltd.svg
XYZ,block,block.svg
MCHP,microchip-technology,microchip-technology.svg
ADSK,autodesk,autodesk.svg
IDXX,idexx-laboratories,idexx-laboratories.svg
TTWO,take-two-interactive-software,take-two-interactive-software.svg
BDX,becton-dickinson,becton-dickinson.svg
ADM,archer-daniels-midland,archer-daniels-midland.svg
COIN,coinbase,coinbase.svg
AIG,american-international,american-international.svg
ED,consolidated-edison,consolidated-edison.svg
LYV,live-nation,live-nation.svg
CMG,chipotle-mexican-grill,chipotle-mexican-grill.svg
YUM,yum-brands,yum-brands.svg
KDP,keurig-dr-pepper,keurig-dr-pepper.svg
MSCI,msci,msci.svg
PRU,prudential,prudential.svg
CBRE,cbre-group,cbre-group.svg
PEG,public-service-enterprise,public-service-enterprise.svg
DHI,dr-horton,dr-horton.svg
AXON,axon-enterprise,axon-enterprise.svg
PCG,pg-and-e,pg-and-e.svg
A,agilent-technologies,agilent-technologies.svg
PAYX,paychex,paychex.svg
HIG,hartford-financial-services-grp,hartford-financial-services-grp.svg
SYY,sysco,sysco.svg
WAT,waters,waters.svg
WEC,wec-energy,wec-energy.svg
IRM,iron-mountain-incorporated-delaware,iron-mountain-incorporated-delaware.svg
UAL,united-airlines,united-airlines.svg
ROP,roper-technologies,roper-technologies.svg
KVUE,kenvue,kenvue.svg
VMC,vulcan-materials,vulcan-materials.svg
KMB,kimberly-clark,kimberly-clark.svg
MTB,m-and-t-bank,m-and-t-bank.svg
HBAN,huntington-bancshares,huntington-bancshares.svg
ACGL,arch-capital,arch-capital.svg
CCL,carnival,carnival.svg
STLD,steel-dynamics,steel-dynamics.svg
HSY,hershey,hershey.svg
IQV,iqvia,iqvia.svg
ON,on-semiconductor,on-semiconductor.svg
TKO,tko,tko.svg
KR,kroger,kroger.svg
EME,emcor,emcor.svg
EQT,eqt,eqt.svg
CCI,crown-castle-international,crown-castle-international.svg
JBL,jabil,jabil.svg
NTAP,netapp,netapp.svg
MLM,martin-marietta,martin-marietta.svg
NTRS,northern-trust,northern-trust.svg
IR,ingersoll-rand,ingersoll-rand.svg
CASY,casey-s-general-stores,casey-s-general-stores.svg
RJF,raymond-james,raymond-james.svg
WDAY,workday,workday.svg
CNC,centene,centene.svg
AEE,ameren,ameren.svg
ZTS,zoetis,zoetis.svg
EIX,edison-international,edison-international.svg
DTE,dte-energy,dte-energy.svg
EXR,extra-space-storage,extra-space-storage.svg
TDY,teledyne-technologies,teledyne-technologies.svg
CBOE,cboe-global-markets,cboe-global-markets.svg
KHC,kraft-heinz,kraft-heinz.svg
LVS,las-vegas-sands,las-vegas-sands.svg
EXPE,expedia,expedia.svg
CFG,citizens-financial-group,citizens-financial-group.svg
BIIB,biogen,biogen.svg
ATO,atmos-energy,atmos-energy.svg
TPL,texas-pacific-land-corporation,texas-pacific-land-corporation.svg
VEEV,veeva-systems,veeva-systems.svg
NRG,nrg-energy,nrg-energy.svg
Q,qnity-electronics,qnity-electronics.svg
CNP,centerpoint-energy,centerpoint-energy.svg
FE,firstenergy,firstenergy.svg
EL,estee-lauder,estee-lauder.svg
TPR,tapestry,tapestry.svg
VICI,vici-properties,vici-properties.svg
ES,eversource-energy,eversource-energy.svg
GEHC,ge-healthcare-technologies,ge-healthcare-technologies.svg
HAL,halliburton,halliburton.svg
RMD,resmed,resmed.svg
CINF,cincinnati-financial,cincinnati-financial.svg
FICO,fair-isaac,fair-isaac.svg
XYL,xylem,xylem.svg
JBHT,j-b-hunt,j-b-hunt.svg
PPL,ppl-units-15022029,ppl-units-15022029.svg
DXCM,dexcom,dexcom.svg
WRB,berkley-w-r-corp,berkley-w-r-corp.svg
AVB,avalonbay-communities,avalonbay-communities.svg
WTW,willis-towers-watson,willis-towers-watson.svg
ARES,ares-management,ares-management.svg
OTIS,otis-worldwide,otis-worldwide.svg
MTD,mettler-toledo-international,mettler-toledo-international.svg
FISV,fiserv,fiserv.svg
AWK,american-water-works,american-water-works.svg
ECHO,echostar,echostar.svg
DOV,dover,dover.svg
RF,regions-financial,regions-financial.svg
DGX,quest-diagnostics,quest-diagnostics.svg
EQR,equity-residential,equity-residential.svg
DG,dollar-general,dollar-general.svg
HUBB,hubbell,hubbell.svg
WSM,williams-sonoma,williams-sonoma.svg
PPG,ppg-industries,ppg-industries.svg
WST,west-pharmaceutical-services,west-pharmaceutical-services.svg
VRSK,verisk-analytics,verisk-analytics.svg
CPRT,copart,copart.svg
TROW,rowe-price,rowe-price.svg
KEY,keycorp,keycorp.svg
CHRW,ch-robinson,ch-robinson.svg
LH,laboratory-amer,laboratory-amer.svg
BG,bunge,bunge.svg
SYF,synchrony,synchrony.svg
VRSN,verisign,verisign.svg
L,loews,loews.svg
PHM,pulte-group,pulte-group.svg
INCY,incyte,incyte.svg
EXPD,expeditors,expeditors.svg
CPAY,fleetcor-technologies,fleetcor-technologies.svg
FDXF,fedex,fedex.svg
PFG,principal,principal.svg
SW,smurfit-kappa,smurfit-kappa.svg
CMS,cms-energy,cms-energy.svg
MRNA,moderna,moderna.svg
DOW,dow,dow.svg
DLTR,dollar-tree,dollar-tree.svg
HPQ,hp,hp.svg
CHD,church-and-dwight,church-and-dwight.svg
NI,nisource,nisource.svg
OMC,omnicom-group,omnicom-group.svg
EXE,chesapeake-energy,chesapeake-energy.svg
LUV,southwest,southwest.svg
RL,ralph-lauren,ralph-lauren.svg
FFIV,f5-network,f5-network.svg
BRO,brown-and-brown,brown-and-brown.svg
VLTO,veralto,veralto.svg
DRI,darden,darden.svg
FSLR,first-solar,first-solar.svg
STZ,constellation-brands,constellation-brands.svg
FOXA,fox-corporation,fox-corporation.svg
FOX,fox-corporation,fox-corporation.svg
GPN,global-payments,global-payments.svg
SNA,snap-on,snap-on.svg
FIS,fidelity-information-services,fidelity-information-services.svg
STE,steris,steris.svg
ULTA,ulta-beauty,ulta-beauty.svg
PKG,packaging-of-america,packaging-of-america.svg
LYB,lyondellbasell,lyondellbasell.svg
IP,international-paper,international-paper.svg
SMCI,super-micro-computer,super-micro-computer.svg
CTSH,cognizant,cognizant.svg
EVRG,evergy,evergy.svg
VTRS,viatris,viatris.svg
AMCR,amcor,amcor.svg
CF,cf-industries,cf-industries.svg
TSN,tyson-foods,tyson-foods.svg
EFX,equifax,equifax.svg
LNT,alliant-energy,alliant-energy.svg
GIS,general-mills,general-mills.svg
LEN,lennar,lennar.svg
SBAC,sba-communications,sba-communications.svg
ROL,rollins,rollins.svg
ESS,essex-property-trust,essex-property-trust.svg
IFF,international-flavors-and-fragrances,international-flavors-and-fragrances.svg
DD,,
LII,lennox-international,lennox-international.svg
FTV,fortive,fortive.svg
BBY,best-buy,best-buy.svg
INVH,invitation-homes,invitation-homes.svg
AKAM,akamai,akamai.svg
KIM,kimco-realty-hc,kimco-realty-hc.svg
ZBH,zimmer-biomet,zimmer-biomet.svg
CHTR,charter,charter.svg
WY,weyerhaeuserdrn,weyerhaeuserdrn.svg
BEN,franklin-resources,franklin-resources.svg
CDW,cdw,cdw.svg
BR,broadridge,broadridge.svg
GPC,gpc,gpc.svg
HST,host-hotels,host-hotels.svg
BALL,ball,ball.svg
TXT,textron,textron.svg
NVR,nvr,nvr.svg
IEX,idex,idex.svg
NDSN,nordson,nordson.svg
DOC,healthpeak-properties,healthpeak-properties.svg
TSCO,tractor-supply,tractor-supply.svg
J,jacobs-engineering,jacobs-engineering.svg
MAS,masco,masco.svg
MAA,mid-america-apartment-communities,mid-america-apartment-communities.svg
CPT,camden-property-trust,camden-property-trust.svg
NWSA,news-corporation,news-corporation.svg
NWS,news-corporation,news-corporation.svg
GEN,nortonlifelock,nortonlifelock.svg
DVA,davita,davita.svg
REG,regency-centers,regency-centers.svg
EG,everest-re,everest-re.svg
DECK,deckers-outdoor,deckers-outdoor.svg
LDOS,leidos-holdings,leidos-holdings.svg
ALB,albemarle,albemarle.svg
COO,cooper-cos,cooper-cos.svg
HRL,hormel-foods,hormel-foods.svg
MKC,mccormick,mccormick.svg
SWK,stanley-black-and-decker,stanley-black-and-decker.svg
AIZ,assurant,assurant.svg
SOLV,solventum,solventum.svg
IVZ,invesco,invesco.svg
ALLE,allegion-plc,allegion-plc.svg
GL,globe-life,globe-life.svg
APA,apa-corporation,apa-corporation.svg
PTC,ptc,ptc.svg
LULU,lululemon-athletica,lululemon-athletica.svg
PNW,pinnacle-west-capital,pinnacle-west-capital.svg
UDR,udr,udr.svg
RVTY,perkinelmer,perkinelmer.svg
SJM,smucker,smucker.svg
GNRC,generac,generac.svg
HAS,hasbro,hasbro.svg
ZBRA,zebra,zebra.svg
TYL,tyler-technologies,tyler-technologies.svg
APTV,aptiv,aptiv.svg
AVY,avery-dennison,avery-dennison.svg
ALGN,align-technology,align-technology.svg
BF.B,brown-forman,brown-forman.svg
TRMB,trimble,trimble.svg
GDDY,godaddy,godaddy.svg
MGM,mgm-resorts,mgm-resorts.svg
HII,huntington-ingalls-industries,huntington-ingalls-industries.svg
CLX,clorox,clorox.svg
TECH,bio-techne,bio-techne.svg
BAX,baxter,baxter.svg
CSGP,costar-group,costar-group.svg
PODD,insulet,insulet.svg
CRL,charles-river-laboratories,charles-river-laboratories.svg
BXP,boston-prop-drn,boston-prop-drn.svg
FRT,federal-realty-investment-trust,federal-realty-investment-trust.svg
AES,aes,aes.svg
DPZ,dominos-pizza,dominos-pizza.svg
JKHY,henry-jack-and-associates,henry-jack-and-associates.svg
PNR,pentair,pentair.svg
WYNN,wynn-resorts,wynn-resorts.svg
ERIE,erie-indemnity,erie-indemnity.svg
PSKY,viacomcbs,viacomcbs.svg
HSIC,henry-schein,henry-schein.svg
SWKS,skyworks-solutions,skyworks-solutions.svg
UHS,universal-health-services,universal-health-services.svg
ARE,alexandria-real-estate-equities,alexandria-real-estate-equities.svg
IT,gartner,gartner.svg
FDS,factset-research-systems,factset-research-systems.svg
NCLH,norwegian-cruise-line,norwegian-cruise-line.svg
AOS,smith-a-o,smith-a-o.svg
TTD,the-trade-desk,the-trade-desk.svg
TAP,molson-coors,molson-coors.svg
BLDR,builders-firstsource,builders-firstsource.svg
MOS,mosaic,mosaic.svg
SPCX,spacex,spacex.svg
ASML,asml,asml.svg
ARM,arm,arm.svg
SHOP,shopify,shopify.svg
PDD,pinduoduo,pinduoduo.svg
MELI,mercadolibre,mercadolibre.svg
ALAB,astera-labs,astera-labs.svg
NBIS,nebius-group-nv,nebius-group-nv.svg
CCEP,coca-cola,coca-cola.svg
FER,ferrovial,ferrovial.svg
CRWV,coreweave,coreweave.svg
RKLB,rocket-lab,rocket-lab.svg
TRI,thomson-reuters,thomson-reuters.svg
ALNY,alnylam-pharmaceuticals,alnylam-pharmaceuticals.svg
MSTR,strategy-cad-hedged-cibc-cdr,strategy-cad-hedged-cibc-cdr.svg
